-- =============================================================================
-- Oracle HOSPITAL 스키마 - 샘플 데이터 (FK 순서대로)
-- =============================================================================
-- 실행하지 말고, SQL Developer 등에서 HOSPITAL로 접속 후 이 파일만 실행.
-- =============================================================================

-- 1. CLINICAL_VISIT
INSERT INTO HOSPITAL.CLINICAL_VISIT (VISIT_ID, PATIENT_ID, DOCTOR_ID, RECEPTION_ID, VISIT_STATUS, START_TIME, CREATED_AT, UPDATED_AT)
VALUES (1, 1, 1, 1, 'WAITING', SYSTIMESTAMP, SYSTIMESTAMP, SYSTIMESTAMP);
INSERT INTO HOSPITAL.CLINICAL_VISIT (VISIT_ID, PATIENT_ID, DOCTOR_ID, RECEPTION_ID, VISIT_STATUS, START_TIME, CREATED_AT, UPDATED_AT)
VALUES (2, 2, 1, 1, 'IN_PROGRESS', SYSTIMESTAMP, SYSTIMESTAMP, SYSTIMESTAMP);
INSERT INTO HOSPITAL.CLINICAL_VISIT (VISIT_ID, PATIENT_ID, DOCTOR_ID, RECEPTION_ID, VISIT_STATUS, START_TIME, END_TIME, CREATED_AT, UPDATED_AT)
VALUES (3, 1, 1, 1, 'COMPLETED', SYSTIMESTAMP - 1, SYSTIMESTAMP, SYSTIMESTAMP, SYSTIMESTAMP);
INSERT INTO HOSPITAL.CLINICAL_VISIT (VISIT_ID, PATIENT_ID, DOCTOR_ID, RECEPTION_ID, VISIT_STATUS, START_TIME, CREATED_AT, UPDATED_AT)
VALUES (4, 3, 2, 1, 'WAITING', SYSTIMESTAMP, SYSTIMESTAMP, SYSTIMESTAMP);
INSERT INTO HOSPITAL.CLINICAL_VISIT (VISIT_ID, PATIENT_ID, DOCTOR_ID, RECEPTION_ID, VISIT_STATUS, START_TIME, CREATED_AT, UPDATED_AT)
VALUES (5, 2, 2, 1, 'IN_PROGRESS', SYSTIMESTAMP, SYSTIMESTAMP, SYSTIMESTAMP);
INSERT INTO HOSPITAL.CLINICAL_VISIT (VISIT_ID, PATIENT_ID, DOCTOR_ID, RECEPTION_ID, VISIT_STATUS, START_TIME, END_TIME, CREATED_AT, UPDATED_AT)
VALUES (6, 4, 1, 1, 'COMPLETED', SYSTIMESTAMP - 2, SYSTIMESTAMP - 1, SYSTIMESTAMP, SYSTIMESTAMP);
INSERT INTO HOSPITAL.CLINICAL_VISIT (VISIT_ID, PATIENT_ID, DOCTOR_ID, RECEPTION_ID, VISIT_STATUS, START_TIME, END_TIME, CREATED_AT, UPDATED_AT)
VALUES (7, 5, 2, 1, 'COMPLETED', SYSTIMESTAMP - 3, SYSTIMESTAMP - 2, SYSTIMESTAMP, SYSTIMESTAMP);

-- 2. CLINICAL_VISIT_STATUS_HISTORY
INSERT INTO HOSPITAL.CLINICAL_VISIT_STATUS_HISTORY (HISTORY_ID, VISIT_ID, STATUS, CHANGED_AT)
VALUES (1, 1, 'WAITING', SYSTIMESTAMP);
INSERT INTO HOSPITAL.CLINICAL_VISIT_STATUS_HISTORY (HISTORY_ID, VISIT_ID, STATUS, CHANGED_AT)
VALUES (2, 2, 'IN_PROGRESS', SYSTIMESTAMP);
INSERT INTO HOSPITAL.CLINICAL_VISIT_STATUS_HISTORY (HISTORY_ID, VISIT_ID, STATUS, CHANGED_AT)
VALUES (3, 3, 'COMPLETED', SYSTIMESTAMP);

-- 3. CLINICAL_VISIT_QUEUE
INSERT INTO HOSPITAL.CLINICAL_VISIT_QUEUE (QUEUE_ID, VISIT_ID, QUEUE_ORDER, ROOM_ID, CREATED_AT)
VALUES (1, 1, 1, 101, SYSTIMESTAMP);
INSERT INTO HOSPITAL.CLINICAL_VISIT_QUEUE (QUEUE_ID, VISIT_ID, QUEUE_ORDER, ROOM_ID, CREATED_AT)
VALUES (2, 2, 2, 101, SYSTIMESTAMP);
INSERT INTO HOSPITAL.CLINICAL_VISIT_QUEUE (QUEUE_ID, VISIT_ID, QUEUE_ORDER, ROOM_ID, CREATED_AT)
VALUES (3, 4, 3, 102, SYSTIMESTAMP);

-- 4. NOTE
INSERT INTO HOSPITAL.NOTE (NOTE_ID, VISIT_ID, CHIEF_COMPLAINT, STATUS, CREATED_AT, UPDATED_AT)
VALUES (1, 1, '두통', 'DRAFT', SYSTIMESTAMP, SYSTIMESTAMP);
INSERT INTO HOSPITAL.NOTE (NOTE_ID, VISIT_ID, CHIEF_COMPLAINT, PRESENT_ILLNESS, STATUS, CREATED_AT, UPDATED_AT)
VALUES (2, 2, '복통', '상복부 통증 2일째', 'DRAFT', SYSTIMESTAMP, SYSTIMESTAMP);
INSERT INTO HOSPITAL.NOTE (NOTE_ID, VISIT_ID, CHIEF_COMPLAINT, STATUS, CREATED_AT, UPDATED_AT)
VALUES (3, 3, '감기 의심', 'COMPLETED', SYSTIMESTAMP, SYSTIMESTAMP);

-- 5. CLINICAL_ORDER
INSERT INTO HOSPITAL.CLINICAL_ORDER (ORDER_ID, VISIT_ID, ORDER_TYPE, ORDER_STATUS, DOCTOR_ID, ORDER_DATE, CREATED_AT, UPDATED_AT)
VALUES (1, 1, 'LAB', 'REQUESTED', 1, SYSTIMESTAMP, SYSTIMESTAMP, SYSTIMESTAMP);
INSERT INTO HOSPITAL.CLINICAL_ORDER (ORDER_ID, VISIT_ID, ORDER_TYPE, ORDER_STATUS, DOCTOR_ID, ORDER_DATE, CREATED_AT, UPDATED_AT)
VALUES (2, 2, 'PRESCRIPTION', 'REQUESTED', 1, SYSTIMESTAMP, SYSTIMESTAMP, SYSTIMESTAMP);

-- 6. CLINICAL_DIAGNOSIS
INSERT INTO HOSPITAL.CLINICAL_DIAGNOSIS (DIAGNOSIS_ID, NOTE_ID, DIAGNOSIS_CODE, DESCRIPTION, CREATED_AT)
VALUES (1, 1, 'R51', '두통', SYSTIMESTAMP);
INSERT INTO HOSPITAL.CLINICAL_DIAGNOSIS (DIAGNOSIS_ID, NOTE_ID, DIAGNOSIS_CODE, DESCRIPTION, CREATED_AT)
VALUES (2, 2, 'R10', '상복부 통증', SYSTIMESTAMP);
INSERT INTO HOSPITAL.CLINICAL_DIAGNOSIS (DIAGNOSIS_ID, NOTE_ID, DIAGNOSIS_CODE, DESCRIPTION, CREATED_AT)
VALUES (3, 3, 'J00', '급성 비인두염', SYSTIMESTAMP);

-- 7. CLINICAL_ORDER_ITEM
INSERT INTO HOSPITAL.CLINICAL_ORDER_ITEM (ORDER_ITEM_ID, ORDER_ID, ITEM_CODE, DOSE, FREQUENCY, DURATION, CREATED_AT)
SELECT 1, 1, 'CBC', NULL, NULL, NULL, SYSTIMESTAMP FROM DUAL
WHERE NOT EXISTS (SELECT 1 FROM HOSPITAL.CLINICAL_ORDER_ITEM WHERE ORDER_ITEM_ID = 1);
INSERT INTO HOSPITAL.CLINICAL_ORDER_ITEM (ORDER_ITEM_ID, ORDER_ID, ITEM_CODE, DOSE, FREQUENCY, DURATION, CREATED_AT)
SELECT 2, 2, 'DRUG001', 10, '1일 3회', '7일', SYSTIMESTAMP FROM DUAL
WHERE NOT EXISTS (SELECT 1 FROM HOSPITAL.CLINICAL_ORDER_ITEM WHERE ORDER_ITEM_ID = 2);

-- 8. CLINICAL_ORDER_RESULT
INSERT INTO HOSPITAL.CLINICAL_ORDER_RESULT (RESULT_ID, ORDER_ITEM_ID, RESULT_VALUE, RESULT_STATUS, RESULT_DATE, CREATED_AT)
SELECT 1, 1, 'WBC 7.2, RBC 4.8', 'COMPLETED', SYSTIMESTAMP, SYSTIMESTAMP FROM DUAL
WHERE NOT EXISTS (SELECT 1 FROM HOSPITAL.CLINICAL_ORDER_RESULT WHERE RESULT_ID = 1);
INSERT INTO HOSPITAL.CLINICAL_ORDER_RESULT (RESULT_ID, ORDER_ITEM_ID, RESULT_STATUS, RESULT_DATE, CREATED_AT)
SELECT 2, 2, 'PENDING', SYSTIMESTAMP, SYSTIMESTAMP FROM DUAL
WHERE NOT EXISTS (SELECT 1 FROM HOSPITAL.CLINICAL_ORDER_RESULT WHERE RESULT_ID = 2);

COMMIT;
