BEGIN
    FOR table_row IN (SELECT table_name FROM user_tables) LOOP
        EXECUTE IMMEDIATE 'DROP TABLE CMH.' || table_row.table_name || ' CASCADE CONSTRAINTS PURGE';
    END LOOP;
END;
/

BEGIN
    FOR sequence_row IN (SELECT sequence_name FROM user_sequences) LOOP
        EXECUTE IMMEDIATE 'DROP SEQUENCE CMH.' || sequence_row.sequence_name;
    END LOOP;
END;
/

BEGIN
    FOR object_row IN (
        SELECT object_name, object_type
        FROM user_objects
        WHERE object_type IN ('FUNCTION', 'TRIGGER')
    ) LOOP
        EXECUTE IMMEDIATE 'DROP ' || object_row.object_type || ' CMH.' || object_row.object_name;
    END LOOP;
END;
/

CREATE TABLE CMH.AUTH_ROLE (
    ROLE_CODE VARCHAR2(50) NOT NULL,
    ROLE_NAME VARCHAR2(100) NOT NULL,
    IS_ACTIVE CHAR(1) NOT NULL,
    CREATED_AT DATE NOT NULL,
    UPDATED_AT DATE,
    CONSTRAINT PK_AUTH_ROLE PRIMARY KEY (ROLE_CODE),
    CONSTRAINT CK_AUTH_ROLE_IS_ACTIVE CHECK (IS_ACTIVE IN ('Y', 'N'))
);

CREATE TABLE CMH.AUTH_USER (
    ID VARCHAR2(20) NOT NULL,
    USERNAME VARCHAR2(50) NOT NULL,
    PASSWORD_HASH VARCHAR2(100) NOT NULL,
    ROLE_CODE VARCHAR2(50) NOT NULL,
    CONSTRAINT PK_AUTH_USER PRIMARY KEY (ID),
    CONSTRAINT UQ_AUTH_USER_USERNAME UNIQUE (USERNAME),
    CONSTRAINT FK_AUTH_USER_ROLE_CODE FOREIGN KEY (ROLE_CODE) REFERENCES CMH.AUTH_ROLE (ROLE_CODE)
);

CREATE TABLE CMH.MENU (
    MENU_ID NUMBER NOT NULL,
    PARENT_ID NUMBER,
    CODE VARCHAR2(50) NOT NULL,
    NAME VARCHAR2(100) NOT NULL,
    PATH VARCHAR2(200),
    ICON VARCHAR2(50),
    SORT_ORDER NUMBER NOT NULL,
    IS_ACTIVE CHAR(1) NOT NULL,
    CREATED_AT TIMESTAMP(6) NOT NULL,
    UPDATED_AT TIMESTAMP(6) NOT NULL,
    CONSTRAINT PK_CMH_MENU PRIMARY KEY (MENU_ID),
    CONSTRAINT CK_CMH_MENU_IS_ACTIVE CHECK (IS_ACTIVE IN ('Y', 'N'))
);

CREATE TABLE CMH.AUTH_ROLE_MENU_PERMISSION (
    ROLE_CODE VARCHAR2(50) NOT NULL,
    MENU_ID NUMBER NOT NULL,
    CAN_VIEW CHAR(1) NOT NULL,
    CAN_CREATE CHAR(1) NOT NULL,
    CAN_UPDATE CHAR(1) NOT NULL,
    CAN_DELETE CHAR(1) NOT NULL,
    CONSTRAINT PK_AUTH_ROLE_MENU_PERMISSION PRIMARY KEY (ROLE_CODE, MENU_ID),
    CONSTRAINT FK_ARMP_ROLE_CODE FOREIGN KEY (ROLE_CODE) REFERENCES CMH.AUTH_ROLE (ROLE_CODE),
    CONSTRAINT CK_ARMP_CAN_VIEW CHECK (CAN_VIEW IN ('Y', 'N')),
    CONSTRAINT CK_ARMP_CAN_CREATE CHECK (CAN_CREATE IN ('Y', 'N')),
    CONSTRAINT CK_ARMP_CAN_UPDATE CHECK (CAN_UPDATE IN ('Y', 'N')),
    CONSTRAINT CK_ARMP_CAN_DELETE CHECK (CAN_DELETE IN ('Y', 'N'))
);

CREATE TABLE CMH.AUTH_USER_MENU_PERMISSION (
    USER_ID VARCHAR2(20) NOT NULL,
    MENU_ID NUMBER NOT NULL,
    CAN_VIEW CHAR(1),
    CAN_CREATE CHAR(1),
    CAN_UPDATE CHAR(1),
    CAN_DELETE CHAR(1),
    CONSTRAINT PK_AUTH_USER_MENU_PERMISSION PRIMARY KEY (USER_ID, MENU_ID),
    CONSTRAINT FK_AUMP_USER_ID FOREIGN KEY (USER_ID) REFERENCES CMH.AUTH_USER (ID),
    CONSTRAINT FK_AUMP_MENU_ID FOREIGN KEY (MENU_ID) REFERENCES CMH.MENU (MENU_ID),
    CONSTRAINT CK_AUMP_CAN_VIEW CHECK (CAN_VIEW IN ('Y', 'N') OR CAN_VIEW IS NULL),
    CONSTRAINT CK_AUMP_CAN_CREATE CHECK (CAN_CREATE IN ('Y', 'N') OR CAN_CREATE IS NULL),
    CONSTRAINT CK_AUMP_CAN_UPDATE CHECK (CAN_UPDATE IN ('Y', 'N') OR CAN_UPDATE IS NULL),
    CONSTRAINT CK_AUMP_CAN_DELETE CHECK (CAN_DELETE IN ('Y', 'N') OR CAN_DELETE IS NULL)
);

CREATE TABLE CMH.AUTH_SESSION (
    SESSION_ID VARCHAR2(36) NOT NULL,
    USER_ID VARCHAR2(20) NOT NULL,
    ACCESS_TOKEN_JTI VARCHAR2(36),
    REFRESH_TOKEN_JTI VARCHAR2(36),
    LOGIN_AT DATE NOT NULL,
    LAST_ACCESS_AT DATE,
    EXPIRES_AT DATE NOT NULL,
    IS_REVOKED CHAR(1) NOT NULL,
    REVOKED_AT DATE,
    CREATED_AT DATE NOT NULL,
    UPDATED_AT DATE,
    CONSTRAINT PK_AUTH_SESSION PRIMARY KEY (SESSION_ID),
    CONSTRAINT FK_AUTH_SESSION_USER_ID FOREIGN KEY (USER_ID) REFERENCES CMH.AUTH_USER (ID),
    CONSTRAINT CK_AUTH_SESSION_IS_REVOKED CHECK (IS_REVOKED IN ('Y', 'N'))
);

CREATE TABLE CMH.LOGIN_HISTORY (
    LOGIN_HISTORY_ID NUMBER NOT NULL,
    USER_ID VARCHAR2(20),
    USERNAME VARCHAR2(50) NOT NULL,
    LOGIN_RESULT VARCHAR2(20) NOT NULL,
    ATTEMPTED_AT DATE NOT NULL,
    CLIENT_IP VARCHAR2(64),
    FAILURE_REASON VARCHAR2(100),
    CONSTRAINT PK_LOGIN_HISTORY PRIMARY KEY (LOGIN_HISTORY_ID),
    CONSTRAINT FK_LOGIN_HISTORY_USER_ID FOREIGN KEY (USER_ID) REFERENCES CMH.AUTH_USER (ID)
);

CREATE SEQUENCE CMH.AUTH_USER_ID_SEQ START WITH 1 INCREMENT BY 1 NOCACHE NOCYCLE;
CREATE SEQUENCE CMH.LOGIN_HISTORY_SEQ START WITH 100 INCREMENT BY 1 NOCACHE NOCYCLE;

INSERT INTO CMH.AUTH_ROLE (ROLE_CODE, ROLE_NAME, IS_ACTIVE, CREATED_AT, UPDATED_AT) VALUES ('ADMIN', 'Administrator', 'Y', SYSDATE, SYSDATE);
INSERT INTO CMH.AUTH_ROLE (ROLE_CODE, ROLE_NAME, IS_ACTIVE, CREATED_AT, UPDATED_AT) VALUES ('DOCTOR', 'Doctor', 'Y', SYSDATE, SYSDATE);
INSERT INTO CMH.AUTH_ROLE (ROLE_CODE, ROLE_NAME, IS_ACTIVE, CREATED_AT, UPDATED_AT) VALUES ('NURSE', 'Nurse', 'Y', SYSDATE, SYSDATE);
INSERT INTO CMH.AUTH_ROLE (ROLE_CODE, ROLE_NAME, IS_ACTIVE, CREATED_AT, UPDATED_AT) VALUES ('RECEPTION', 'Reception', 'Y', SYSDATE, SYSDATE);
INSERT INTO CMH.AUTH_ROLE (ROLE_CODE, ROLE_NAME, IS_ACTIVE, CREATED_AT, UPDATED_AT) VALUES ('STAFF', 'Staff', 'Y', SYSDATE, SYSDATE);
INSERT INTO CMH.AUTH_ROLE (ROLE_CODE, ROLE_NAME, IS_ACTIVE, CREATED_AT, UPDATED_AT) VALUES ('RADIOLOGY_TECH', 'Radiology Tech', 'Y', SYSDATE, SYSDATE);
INSERT INTO CMH.AUTH_ROLE (ROLE_CODE, ROLE_NAME, IS_ACTIVE, CREATED_AT, UPDATED_AT) VALUES ('CLINICAL_LAB_TECH', 'Clinical Lab Tech', 'Y', SYSDATE, SYSDATE);
INSERT INTO CMH.AUTH_ROLE (ROLE_CODE, ROLE_NAME, IS_ACTIVE, CREATED_AT, UPDATED_AT) VALUES ('PATHOLOGY_COORDINATOR', 'Pathology Coordinator', 'Y', SYSDATE, SYSDATE);
INSERT INTO CMH.AUTH_ROLE (ROLE_CODE, ROLE_NAME, IS_ACTIVE, CREATED_AT, UPDATED_AT) VALUES ('ENDOSCOPY_COORDINATOR', 'Endoscopy Coordinator', 'Y', SYSDATE, SYSDATE);
INSERT INTO CMH.AUTH_ROLE (ROLE_CODE, ROLE_NAME, IS_ACTIVE, CREATED_AT, UPDATED_AT) VALUES ('PHYSIOLOGY_TEST_COORDINATOR', 'Physiology Test Coordinator', 'Y', SYSDATE, SYSDATE);

INSERT INTO CMH.AUTH_USER (ID, USERNAME, PASSWORD_HASH, ROLE_CODE)
VALUES ('A-2026-0001', 'admin', '$2a$10$M2M1oA5SwQmWhif0C5SfGOFtMfl0BmlnCkC8CByfwwPuWkfTcuNRW', 'ADMIN');
INSERT INTO CMH.AUTH_USER (ID, USERNAME, PASSWORD_HASH, ROLE_CODE)
VALUES ('D-2026-0002', 'doctor', '$2a$10$ndxCb5mpTf60UIGU3q.lQ.vVMeSAMsmpXyxYVT5pF5tUEj3gxobQO', 'DOCTOR');
INSERT INTO CMH.AUTH_USER (ID, USERNAME, PASSWORD_HASH, ROLE_CODE)
VALUES ('N-2026-0003', 'nurse', '$2a$10$sD8UikH/aCXkkIkhLEFKAuTc8MsxCn8ihF8xaSra773ZaibnsPzES', 'NURSE');
INSERT INTO CMH.AUTH_USER (ID, USERNAME, PASSWORD_HASH, ROLE_CODE)
VALUES ('R-2026-0004', 'reception', '$2a$10$9q7kgM58Unj5FSH4x25PCOOeMPCiWocTC27k4n.gxh5nh.6sWlLhi', 'RECEPTION');
INSERT INTO CMH.AUTH_USER (ID, USERNAME, PASSWORD_HASH, ROLE_CODE)
VALUES ('S-2026-0010', 'pendinguser', '$2a$10$bJkvmcA1pSC5zMB0ALqxY.k5VJxNedTKPxh8obF5/C6yN4K/EBvsq', 'STAFF');

INSERT INTO CMH.MENU (MENU_ID, PARENT_ID, CODE, NAME, PATH, ICON, SORT_ORDER, IS_ACTIVE, CREATED_AT, UPDATED_AT)
SELECT MENU_ID,
       PARENT_ID,
       CODE,
       NAME,
       PATH,
       ICON,
       SORT_ORDER,
       CASE WHEN TO_CHAR(IS_ACTIVE) IN ('Y', '1') THEN 'Y' ELSE 'N' END,
       CREATED_AT,
       UPDATED_AT
FROM HOSPITAL.MENU;

ALTER TABLE CMH.AUTH_ROLE_MENU_PERMISSION
    ADD CONSTRAINT FK_ARMP_MENU_ID FOREIGN KEY (MENU_ID) REFERENCES CMH.MENU (MENU_ID);

INSERT INTO CMH.AUTH_ROLE_MENU_PERMISSION (ROLE_CODE, MENU_ID, CAN_VIEW, CAN_CREATE, CAN_UPDATE, CAN_DELETE) VALUES ('ADMIN', 1, 'Y', 'Y', 'Y', 'Y');
INSERT INTO CMH.AUTH_ROLE_MENU_PERMISSION (ROLE_CODE, MENU_ID, CAN_VIEW, CAN_CREATE, CAN_UPDATE, CAN_DELETE) VALUES ('ADMIN', 1000, 'Y', 'Y', 'Y', 'Y');
INSERT INTO CMH.AUTH_ROLE_MENU_PERMISSION (ROLE_CODE, MENU_ID, CAN_VIEW, CAN_CREATE, CAN_UPDATE, CAN_DELETE) VALUES ('ADMIN', 1100, 'Y', 'Y', 'Y', 'Y');
INSERT INTO CMH.AUTH_ROLE_MENU_PERMISSION (ROLE_CODE, MENU_ID, CAN_VIEW, CAN_CREATE, CAN_UPDATE, CAN_DELETE) VALUES ('ADMIN', 1300, 'Y', 'Y', 'Y', 'Y');
INSERT INTO CMH.AUTH_ROLE_MENU_PERMISSION (ROLE_CODE, MENU_ID, CAN_VIEW, CAN_CREATE, CAN_UPDATE, CAN_DELETE) VALUES ('ADMIN', 1400, 'Y', 'Y', 'Y', 'Y');
INSERT INTO CMH.AUTH_ROLE_MENU_PERMISSION (ROLE_CODE, MENU_ID, CAN_VIEW, CAN_CREATE, CAN_UPDATE, CAN_DELETE) VALUES ('ADMIN', 1500, 'Y', 'Y', 'Y', 'Y');
INSERT INTO CMH.AUTH_ROLE_MENU_PERMISSION (ROLE_CODE, MENU_ID, CAN_VIEW, CAN_CREATE, CAN_UPDATE, CAN_DELETE) VALUES ('DOCTOR', 1, 'Y', 'N', 'N', 'N');
INSERT INTO CMH.AUTH_ROLE_MENU_PERMISSION (ROLE_CODE, MENU_ID, CAN_VIEW, CAN_CREATE, CAN_UPDATE, CAN_DELETE) VALUES ('DOCTOR', 1300, 'Y', 'Y', 'Y', 'N');
INSERT INTO CMH.AUTH_ROLE_MENU_PERMISSION (ROLE_CODE, MENU_ID, CAN_VIEW, CAN_CREATE, CAN_UPDATE, CAN_DELETE) VALUES ('DOCTOR', 1302, 'Y', 'Y', 'Y', 'N');
INSERT INTO CMH.AUTH_ROLE_MENU_PERMISSION (ROLE_CODE, MENU_ID, CAN_VIEW, CAN_CREATE, CAN_UPDATE, CAN_DELETE) VALUES ('NURSE', 1, 'Y', 'N', 'N', 'N');
INSERT INTO CMH.AUTH_ROLE_MENU_PERMISSION (ROLE_CODE, MENU_ID, CAN_VIEW, CAN_CREATE, CAN_UPDATE, CAN_DELETE) VALUES ('NURSE', 1400, 'Y', 'Y', 'Y', 'N');
INSERT INTO CMH.AUTH_ROLE_MENU_PERMISSION (ROLE_CODE, MENU_ID, CAN_VIEW, CAN_CREATE, CAN_UPDATE, CAN_DELETE) VALUES ('NURSE', 1405, 'Y', 'Y', 'Y', 'N');
INSERT INTO CMH.AUTH_ROLE_MENU_PERMISSION (ROLE_CODE, MENU_ID, CAN_VIEW, CAN_CREATE, CAN_UPDATE, CAN_DELETE) VALUES ('NURSE', 1406, 'Y', 'Y', 'Y', 'N');
INSERT INTO CMH.AUTH_ROLE_MENU_PERMISSION (ROLE_CODE, MENU_ID, CAN_VIEW, CAN_CREATE, CAN_UPDATE, CAN_DELETE) VALUES ('RECEPTION', 1, 'Y', 'N', 'N', 'N');
INSERT INTO CMH.AUTH_ROLE_MENU_PERMISSION (ROLE_CODE, MENU_ID, CAN_VIEW, CAN_CREATE, CAN_UPDATE, CAN_DELETE) VALUES ('RECEPTION', 1000, 'Y', 'Y', 'Y', 'N');
INSERT INTO CMH.AUTH_ROLE_MENU_PERMISSION (ROLE_CODE, MENU_ID, CAN_VIEW, CAN_CREATE, CAN_UPDATE, CAN_DELETE) VALUES ('RECEPTION', 1001, 'Y', 'Y', 'Y', 'N');
INSERT INTO CMH.AUTH_ROLE_MENU_PERMISSION (ROLE_CODE, MENU_ID, CAN_VIEW, CAN_CREATE, CAN_UPDATE, CAN_DELETE) VALUES ('RECEPTION', 1002, 'Y', 'Y', 'Y', 'N');
INSERT INTO CMH.AUTH_ROLE_MENU_PERMISSION (ROLE_CODE, MENU_ID, CAN_VIEW, CAN_CREATE, CAN_UPDATE, CAN_DELETE) VALUES ('RADIOLOGY_TECH', 1400, 'Y', 'Y', 'Y', 'N');
INSERT INTO CMH.AUTH_ROLE_MENU_PERMISSION (ROLE_CODE, MENU_ID, CAN_VIEW, CAN_CREATE, CAN_UPDATE, CAN_DELETE) VALUES ('CLINICAL_LAB_TECH', 1400, 'Y', 'Y', 'Y', 'N');
INSERT INTO CMH.AUTH_ROLE_MENU_PERMISSION (ROLE_CODE, MENU_ID, CAN_VIEW, CAN_CREATE, CAN_UPDATE, CAN_DELETE) VALUES ('PATHOLOGY_COORDINATOR', 1400, 'Y', 'Y', 'Y', 'N');
INSERT INTO CMH.AUTH_ROLE_MENU_PERMISSION (ROLE_CODE, MENU_ID, CAN_VIEW, CAN_CREATE, CAN_UPDATE, CAN_DELETE) VALUES ('ENDOSCOPY_COORDINATOR', 1400, 'Y', 'Y', 'Y', 'N');
INSERT INTO CMH.AUTH_ROLE_MENU_PERMISSION (ROLE_CODE, MENU_ID, CAN_VIEW, CAN_CREATE, CAN_UPDATE, CAN_DELETE) VALUES ('PHYSIOLOGY_TEST_COORDINATOR', 1400, 'Y', 'Y', 'Y', 'N');
INSERT INTO CMH.AUTH_ROLE_MENU_PERMISSION (ROLE_CODE, MENU_ID, CAN_VIEW, CAN_CREATE, CAN_UPDATE, CAN_DELETE) VALUES ('STAFF', 1, 'Y', 'N', 'N', 'N');

INSERT INTO CMH.AUTH_SESSION (SESSION_ID, USER_ID, ACCESS_TOKEN_JTI, REFRESH_TOKEN_JTI, LOGIN_AT, LAST_ACCESS_AT, EXPIRES_AT, IS_REVOKED, REVOKED_AT, CREATED_AT, UPDATED_AT)
VALUES ('seed-session-1', 'A-2026-0001', 'seed-jti-1', 'seed-refresh-jti-1', SYSDATE - 2, SYSDATE - 2, SYSDATE - 1, 'Y', SYSDATE - 1, SYSDATE - 2, SYSDATE - 1);

INSERT INTO CMH.LOGIN_HISTORY (LOGIN_HISTORY_ID, USER_ID, USERNAME, LOGIN_RESULT, ATTEMPTED_AT, CLIENT_IP, FAILURE_REASON)
VALUES (1, 'A-2026-0001', 'admin', 'SUCCESS', SYSDATE - 1, '127.0.0.1', NULL);
INSERT INTO CMH.LOGIN_HISTORY (LOGIN_HISTORY_ID, USER_ID, USERNAME, LOGIN_RESULT, ATTEMPTED_AT, CLIENT_IP, FAILURE_REASON)
VALUES (2, NULL, 'unknown', 'FAIL', SYSDATE - 1 / 24, '127.0.0.1', 'AUTH_INVALID_CREDENTIALS');

COMMIT;
